source_build,target_build,opcode,direction,seen,executed,ran,no_script,ok_exact,under_read,over_read,threw,compile_error,negative_length,consumed_p50,consumed_p90,script_sha,env_sha,consumed_hist,sampling
12,2496,0x0001,IN,7,7,7,0,6,1,0,0,0,0,100,100,7f8c78029510,d7b7fc65329f,66:1|100:6,reservoir;n=1500;seed=1
12,2496,0x0001,OUT,7,7,7,0,7,0,0,0,0,0,100,100,c024851cf5a7,d7b7fc65329f,100:7,reservoir;n=1500;seed=1
12,2496,0x0004,IN,7,7,7,0,7,0,0,0,0,0,100,100,8ceb5dea67ee,d7b7fc65329f,100:7,reservoir;n=1500;seed=1
12,2496,0x0004,OUT,7,7,7,0,7,0,0,0,0,0,100,100,6f95cf27934c,d7b7fc65329f,100:7,reservoir;n=1500;seed=1
12,2496,0x0005,IN,13,13,13,0,13,0,0,0,0,0,100,100,904ae535cf82,d7b7fc65329f,100:13,reservoir;n=1500;seed=1
12,2496,0x0006,IN,207,207,207,0,207,0,0,0,0,0,100,100,1259343bcd4e,d7b7fc65329f,100:207,reservoir;n=1500;seed=1
2486,2496,0x0006,IN,207,207,207,0,207,0,0,0,0,0,100,100,2f67488080ad,e531069fb1f2,100:207,reservoir;n=1500;seed=1
2486,2496,0x0006,OUT,207,207,207,0,207,0,0,0,0,0,100,100,2f67488080ad,e531069fb1f2,100:207,reservoir;n=1500;seed=1
12,2496,0x000B,OUT,777,777,777,0,777,0,0,0,0,0,100,100,0bfa8a381791,d7b7fc65329f,100:777,reservoir;n=1500;seed=1
12,2496,0x000C,OUT,8,8,8,0,8,0,0,0,0,0,100,100,03af1cb1cb9c,d7b7fc65329f,100:8,reservoir;n=1500;seed=1
12,2496,0x000D,IN,7,7,7,0,7,0,0,0,0,0,100,100,b3dc9594248c,d7b7fc65329f,100:7,reservoir;n=1500;seed=1
-,2496,0x000E,OUT,7,7,0,7,0,0,0,0,0,0,0,0,-,-,-,reservoir;n=1500;seed=1
-,2496,0x000F,OUT,7,7,0,7,0,0,0,0,0,0,0,0,-,-,-,reservoir;n=1500;seed=1
12,2496,0x0010,IN,1,1,1,0,1,0,0,0,0,0,100,100,aa9463bb9345,d7b7fc65329f,100:1,reservoir;n=1500;seed=1
-,2496,0x0010,OUT,7,7,0,7,0,0,0,0,0,0,0,0,-,-,-,reservoir;n=1500;seed=1
12,2496,0x0011,IN,1559,1500,1500,0,760,740,0,0,0,0,100,100,ea7aa50be9ac,d7b7fc65329f,6:740|100:760,reservoir;n=1500;seed=1
-,2496,0x0011,OUT,6,6,0,6,0,0,0,0,0,0,0,0,-,-,-,reservoir;n=1500;seed=1
12,2496,0x0012,OUT,8910,1500,1500,0,0,5,1495,0,0,175,95,100,00eac5549f4f,d7b7fc65329f,34:1|35:1|37:1|42:2|57:1|64:3|65:2|71:6|74:1|75:3|78:1|80:19|82:5|85:81|88:12|89:1|92:39|93:2|94:5|95:623|96:206|98:5|100:480,reservoir;n=1500;seed=1
12,2496,0x0013,IN,8,8,8,0,8,0,0,0,0,0,100,100,ec8c9b43cd49,d7b7fc65329f,100:8,reservoir;n=1500;seed=1
12,2496,0x0014,IN,7,7,7,0,7,0,0,0,0,0,100,100,707e661c62cd,d7b7fc65329f,100:7,reservoir;n=1500;seed=1
12,2496,0x0015,IN,7,7,7,0,0,0,7,0,0,0,100,100,3bbd77e4fb7a,d7b7fc65329f,99:3|100:4,reservoir;n=1500;seed=1
2507,2496,0x0015,IN,7,7,7,0,7,0,0,0,0,0,100,100,afce9e0e791b,e531069fb1f2,100:7,reservoir;n=1500;seed=1
12,2496,0x0016,IN,7,7,7,0,7,0,0,0,0,0,100,100,bd0753bb66c6,d7b7fc65329f,100:7,reservoir;n=1500;seed=1
2546,2496,0x0016,IN,7,7,7,0,7,0,0,0,0,0,100,100,bd0753bb66c6,750b3e3c91cc,100:7,reservoir;n=1500;seed=1
2549,2496,0x0016,IN,7,7,7,0,7,0,0,0,0,0,100,100,bd0753bb66c6,750b3e3c91cc,100:7,reservoir;n=1500;seed=1
2550,2496,0x0016,IN,7,7,7,0,7,0,0,0,0,0,100,100,bd0753bb66c6,750b3e3c91cc,100:7,reservoir;n=1500;seed=1
12,2496,0x0017,IN,11,11,11,0,0,0,11,0,0,4,100,100,1d52865cb228,d7b7fc65329f,21:2|22:1|27:1|47:1|100:6,reservoir;n=1500;seed=1
2500,2496,0x0017,IN,11,11,11,0,0,11,0,0,0,0,0,0,5f2e5359199a,e531069fb1f2,0:11,reservoir;n=1500;seed=1
2503,2496,0x0017,IN,11,11,11,0,0,11,0,0,0,0,18,56,e6752d96b9a6,e531069fb1f2,7:1|8:1|9:2|10:1|18:1|52:2|54:1|56:2,reservoir;n=1500;seed=1
2528,2496,0x0017,IN,11,11,11,0,0,0,11,0,0,4,100,100,a3115547491e,c7184ede6835,21:2|22:1|27:1|47:1|100:6,reservoir;n=1500;seed=1
2550,2496,0x0017,IN,11,11,11,0,0,0,11,0,0,4,100,100,a3115547491e,750b3e3c91cc,21:2|22:1|27:1|47:1|100:6,reservoir;n=1500;seed=1
12,2496,0x0018,IN,1,1,1,0,1,0,0,0,0,0,100,100,1026c3540aad,d7b7fc65329f,100:1,reservoir;n=1500;seed=1
12,2496,0x0019,IN,14,14,14,0,14,0,0,0,0,0,100,100,81ad6936565e,d7b7fc65329f,100:14,reservoir;n=1500;seed=1
2500,2496,0x0019,IN,14,14,14,0,14,0,0,0,0,0,100,100,2eb6d169688e,e531069fb1f2,100:14,reservoir;n=1500;seed=1
12,2496,0x001A,IN,14,14,14,0,7,2,5,0,0,0,100,100,30430a5d3899,d7b7fc65329f,3:1|7:1|100:12,reservoir;n=1500;seed=1
12,2496,0x001C,IN,1644,1500,1500,0,27,0,1473,0,0,10,100,100,0357b5c4fd5f,d7b7fc65329f,51:1|58:1|61:1|68:3|71:5|81:10|94:57|95:3|96:13|100:1406,reservoir;n=1500;seed=1
2507,2496,0x001C,IN,1644,1500,1500,0,786,3,711,0,0,0,100,100,c7b0101dd29c,e531069fb1f2,84:3|100:1497,reservoir;n=1500;seed=1
12,2496,0x001D,IN,23,23,23,0,23,0,0,0,0,0,100,100,73b8429f6c4a,d7b7fc65329f,100:23,reservoir;n=1500;seed=1
12,2496,0x001E,IN,3,3,3,0,0,0,3,0,0,0,99,99,3bbddaf0bb87,d7b7fc65329f,99:3,reservoir;n=1500;seed=1
12,2496,0x001E,OUT,1,1,1,0,1,0,0,0,0,0,100,100,e87ac12b38b0,d7b7fc65329f,100:1,reservoir;n=1500;seed=1
12,2496,0x001F,IN,7,7,7,0,7,0,0,0,0,0,100,100,e9ab09106d52,d7b7fc65329f,100:7,reservoir;n=1500;seed=1
12,2496,0x0020,OUT,106,106,106,0,106,0,0,0,0,0,100,100,6d8b0777422d,d7b7fc65329f,100:106,reservoir;n=1500;seed=1
2507,2496,0x0020,OUT,106,106,106,0,38,68,0,0,0,0,99,100,9259122a6ee0,e531069fb1f2,1:1|3:3|11:9|99:55|100:38,reservoir;n=1500;seed=1
2512,2496,0x0020,OUT,106,106,106,0,106,0,0,0,0,0,100,100,6d8b0777422d,6cdba8ccbaff,100:106,reservoir;n=1500;seed=1
12,2496,0x0021,IN,329,329,329,0,0,329,0,0,0,0,17,20,4a34cc581cd5,d7b7fc65329f,0:119|17:105|20:105,reservoir;n=1500;seed=1
2511,2496,0x0021,IN,329,329,329,0,0,329,0,0,0,0,17,20,1b1236b38a15,e531069fb1f2,0:119|17:105|20:105,reservoir;n=1500;seed=1
2525,2496,0x0021,IN,329,329,329,0,0,329,0,0,0,0,17,20,cfbd884737a3,e531069fb1f2,0:119|17:105|20:105,reservoir;n=1500;seed=1
2529,2496,0x0021,IN,329,329,329,0,0,329,0,0,0,0,17,20,cfbd884737a3,e531069fb1f2,0:119|17:105|20:105,reservoir;n=1500;seed=1
2546,2496,0x0021,IN,329,329,329,0,0,329,0,0,0,0,17,20,cfbd884737a3,750b3e3c91cc,0:119|17:105|20:105,reservoir;n=1500;seed=1
2549,2496,0x0021,IN,329,329,329,0,0,329,0,0,0,0,17,20,cfbd884737a3,750b3e3c91cc,0:119|17:105|20:105,reservoir;n=1500;seed=1
2550,2496,0x0021,IN,329,329,329,0,0,329,0,0,0,0,17,20,cfbd884737a3,750b3e3c91cc,0:119|17:105|20:105,reservoir;n=1500;seed=1
12,2496,0x0021,OUT,34,34,34,0,34,0,0,0,0,0,100,100,09b896927b5b,d7b7fc65329f,100:34,reservoir;n=1500;seed=1
12,2496,0x0023,IN,148,148,148,0,21,0,127,0,0,0,99,100,c5e823fa4439,d7b7fc65329f,99:127|100:21,reservoir;n=1500;seed=1
2486,2496,0x0023,IN,148,148,148,0,14,134,0,0,0,0,16,20,ebb2ab2949d5,e531069fb1f2,16:127|20:7|100:14,reservoir;n=1500;seed=1
2502,2496,0x0023,IN,148,148,148,0,14,134,0,0,0,0,10,20,89c9b48525c2,e531069fb1f2,10:127|20:7|100:14,reservoir;n=1500;seed=1
12,2496,0x0024,IN,2067,1500,1500,0,1500,0,0,0,0,0,100,100,6954142e10b2,d7b7fc65329f,100:1500,reservoir;n=1500;seed=1
2502,2496,0x0024,IN,2067,1500,1500,0,1500,0,0,0,0,0,100,100,a88fbaa9b811,e531069fb1f2,100:1500,reservoir;n=1500;seed=1
2507,2496,0x0024,IN,2067,1500,1500,0,1500,0,0,0,0,0,100,100,a88fbaa9b811,e531069fb1f2,100:1500,reservoir;n=1500;seed=1
12,2496,0x002B,IN,1,1,1,0,0,0,1,0,0,0,99,99,edb1f3c0db05,d7b7fc65329f,99:1,reservoir;n=1500;seed=1
2530,2496,0x002B,IN,1,1,1,0,0,0,1,0,0,0,99,99,3c9bd7749e3a,6fcac0922e9d,99:1,reservoir;n=1500;seed=1
2531,2496,0x002B,IN,1,1,1,0,0,0,1,0,0,0,99,99,3c9bd7749e3a,6fcac0922e9d,99:1,reservoir;n=1500;seed=1
12,2496,0x002C,IN,1,1,1,0,1,0,0,0,0,0,100,100,36248f6b1c12,d7b7fc65329f,100:1,reservoir;n=1500;seed=1
12,2496,0x002C,OUT,3,3,3,0,3,0,0,0,0,0,100,100,5240b22c7fb7,d7b7fc65329f,100:3,reservoir;n=1500;seed=1
12,2496,0x002D,IN,1,1,1,0,0,1,0,0,0,0,69,69,edf07db7f802,d7b7fc65329f,69:1,reservoir;n=1500;seed=1
12,2496,0x002E,IN,397,397,397,0,0,397,0,0,0,0,26,42,eaec41421ddf,d7b7fc65329f,2:99|10:4|18:1|19:11|26:147|42:135,reservoir;n=1500;seed=1
2521,2496,0x002E,IN,397,397,397,0,99,283,15,0,0,0,32,100,7b2a027d574a,e531069fb1f2,14:1|19:147|32:135|100:114,reservoir;n=1500;seed=1
2528,2496,0x002E,IN,397,397,397,0,393,4,0,0,0,0,100,100,76f3b6c66124,c7184ede6835,8:4|100:393,reservoir;n=1500;seed=1
12,2496,0x002F,IN,23,23,23,0,0,0,23,0,0,0,100,100,76f3b6c66124,d7b7fc65329f,100:23,reservoir;n=1500;seed=1
12,2496,0x0033,IN,8,8,8,0,0,8,0,0,0,0,33,33,22044483be09,d7b7fc65329f,33:8,reservoir;n=1500;seed=1
12,2496,0x0034,OUT,13,13,13,0,13,0,0,0,0,0,100,100,415ab669796a,d7b7fc65329f,100:13,reservoir;n=1500;seed=1
12,2496,0x0035,IN,7,7,7,0,0,0,7,0,0,0,100,100,30b78ecbae74,d7b7fc65329f,100:7,reservoir;n=1500;seed=1
12,2496,0x0036,IN,9,9,9,0,0,9,0,0,0,0,80,80,f08404c32c83,d7b7fc65329f,80:9,reservoir;n=1500;seed=1
12,2496,0x0037,IN,36,36,36,0,0,36,0,0,0,0,56,56,a1a863eca040,d7b7fc65329f,56:36,reservoir;n=1500;seed=1
2511,2496,0x0038,OUT,7,7,7,0,0,7,0,0,0,0,20,20,233ca8b24924,e531069fb1f2,20:7,reservoir;n=1500;seed=1
2550,2496,0x0038,OUT,7,7,7,0,7,0,0,0,0,0,100,100,2b2c0218507d,750b3e3c91cc,100:7,reservoir;n=1500;seed=1
12,2496,0x0039,OUT,7,7,7,0,7,0,0,0,0,0,100,100,fa826d0529c4,d7b7fc65329f,100:7,reservoir;n=1500;seed=1
12,2496,0x003B,OUT,1,1,1,0,0,0,1,0,0,0,50,50,92c121806d78,d7b7fc65329f,50:1,reservoir;n=1500;seed=1
12,2496,0x003C,IN,59,59,59,0,0,59,0,0,0,0,44,44,bdff9e80dd3d,d7b7fc65329f,44:59,reservoir;n=1500;seed=1
2506,2496,0x003C,IN,59,59,59,0,0,59,0,0,0,0,70,70,9fedcc7a8d51,e531069fb1f2,70:59,reservoir;n=1500;seed=1
2507,2496,0x003C,IN,59,59,59,0,59,0,0,0,0,0,100,100,b0f82de3a675,e531069fb1f2,100:59,reservoir;n=1500;seed=1
2512,2496,0x003C,IN,59,59,59,0,59,0,0,0,0,0,100,100,3d8a1c2c7f1d,6cdba8ccbaff,100:59,reservoir;n=1500;seed=1
2520,2496,0x003C,IN,59,59,59,0,59,0,0,0,0,0,100,100,efc20881e461,e531069fb1f2,100:59,reservoir;n=1500;seed=1
12,2496,0x003D,IN,135,135,135,0,0,15,120,0,0,0,95,95,3d8a1c2c7f1d,d7b7fc65329f,84:14|89:12|90:15|95:82|96:9|98:3,reservoir;n=1500;seed=1
2512,2496,0x003D,IN,135,135,135,0,120,15,0,0,0,0,100,100,c9190e0584ce,6cdba8ccbaff,71:15|100:120,reservoir;n=1500;seed=1
2520,2496,0x003D,IN,135,135,135,0,30,102,3,0,0,0,3,100,6d2842810633,e531069fb1f2,2:4|3:82|4:4|6:12|100:33,reservoir;n=1500;seed=1
12,2496,0x003F,IN,33,33,33,0,0,0,33,0,0,0,100,100,a0daf008e688,d7b7fc65329f,100:33,reservoir;n=1500;seed=1
12,2496,0x0040,IN,13,13,13,0,0,13,0,0,0,0,50,50,7f7780a98075,d7b7fc65329f,43:4|50:9,reservoir;n=1500;seed=1
12,2496,0x0041,IN,32,32,32,0,0,32,0,0,0,0,97,97,bc2f0b57e663,d7b7fc65329f,97:32,reservoir;n=1500;seed=1
12,2496,0x0042,IN,1,1,1,0,0,1,0,0,0,0,6,6,f37650cf93c4,d7b7fc65329f,6:1,reservoir;n=1500;seed=1
12,2496,0x0044,IN,12,12,12,0,0,12,0,0,0,0,0,0,56c27594b361,d7b7fc65329f,0:12,reservoir;n=1500;seed=1
12,2496,0x0045,IN,19,19,19,0,0,3,16,0,0,0,98,98,a62be8d74bfb,d7b7fc65329f,86:3|89:3|95:1|98:12,reservoir;n=1500;seed=1
12,2496,0x0047,IN,208,208,208,0,0,0,208,0,0,142,23,23,81f55670735d,d7b7fc65329f,7:4|8:92|23:112,reservoir;n=1500;seed=1
12,2496,0x0048,IN,49,49,49,0,0,48,1,0,0,0,48,48,fd0b3d10ab00,d7b7fc65329f,32:2|48:46|100:1,reservoir;n=1500;seed=1
2504,2496,0x0048,IN,49,49,49,0,48,1,0,0,0,0,100,100,905e79e74b5a,e531069fb1f2,20:1|100:48,reservoir;n=1500;seed=1
2507,2496,0x0048,IN,49,49,49,0,48,1,0,0,0,0,100,100,0aae7fa0044e,e531069fb1f2,20:1|100:48,reservoir;n=1500;seed=1
12,2496,0x004B,OUT,2,2,2,0,0,0,2,0,0,0,100,100,bd63690c0204,d7b7fc65329f,100:2,reservoir;n=1500;seed=1
12,2496,0x004C,IN,26,26,26,0,0,13,13,0,0,0,2,100,9192b0fb83ae,d7b7fc65329f,2:13|100:13,reservoir;n=1500;seed=1
2512,2496,0x004C,IN,26,26,26,0,26,0,0,0,0,0,100,100,7d49d25ebf47,6cdba8ccbaff,100:26,reservoir;n=1500;seed=1
12,2496,0x004D,IN,2,2,2,0,0,2,0,0,0,0,0,5,51c918c743c1,d7b7fc65329f,0:1|5:1,reservoir;n=1500;seed=1
2503,2496,0x004D,IN,2,2,2,0,2,0,0,0,0,0,100,100,30b8107d2341,e531069fb1f2,100:2,reservoir;n=1500;seed=1
2504,2496,0x004D,IN,2,2,2,0,0,2,0,0,0,0,9,11,44ca22248479,e531069fb1f2,9:1|11:1,reservoir;n=1500;seed=1
2507,2496,0x004D,IN,2,2,2,0,2,0,0,0,0,0,100,100,1cfbcc64be9a,e531069fb1f2,100:2,reservoir;n=1500;seed=1
2546,2496,0x004D,IN,2,2,2,0,2,0,0,0,0,0,100,100,1cfbcc64be9a,750b3e3c91cc,100:2,reservoir;n=1500;seed=1
2549,2496,0x004D,IN,2,2,2,0,2,0,0,0,0,0,100,100,1cfbcc64be9a,750b3e3c91cc,100:2,reservoir;n=1500;seed=1
2550,2496,0x004D,IN,2,2,2,0,2,0,0,0,0,0,100,100,1cfbcc64be9a,750b3e3c91cc,100:2,reservoir;n=1500;seed=1
12,2496,0x004E,IN,7,7,7,0,3,0,4,0,0,0,47,100,99ec76002366,d7b7fc65329f,35:2|44:1|47:1|100:3,reservoir;n=1500;seed=1
12,2496,0x004F,IN,4,4,4,0,0,4,0,0,0,0,0,2,77e45ba6b029,d7b7fc65329f,0:2|2:2,reservoir;n=1500;seed=1
2507,2496,0x004F,IN,4,4,4,0,2,0,2,0,0,0,16,100,d6a98740c336,e531069fb1f2,16:2|100:2,reservoir;n=1500;seed=1
-,2496,0x004F,OUT,49,49,0,49,0,0,0,0,0,0,0,0,-,-,-,reservoir;n=1500;seed=1
12,2496,0x0051,IN,128,128,128,0,0,128,0,0,0,0,6,6,e2d9abc485e5,d7b7fc65329f,5:14|6:108|31:3|33:3,reservoir;n=1500;seed=1
2537,2496,0x0051,IN,128,128,128,0,6,0,122,0,0,0,100,100,f3a5e9149f72,750b3e3c91cc,99:44|100:84,reservoir;n=1500;seed=1
2546,2496,0x0051,IN,128,128,128,0,6,0,122,0,0,0,100,100,f3a5e9149f72,750b3e3c91cc,99:44|100:84,reservoir;n=1500;seed=1
2549,2496,0x0051,IN,128,128,128,0,6,0,122,0,0,0,100,100,f3a5e9149f72,750b3e3c91cc,99:44|100:84,reservoir;n=1500;seed=1
2550,2496,0x0051,IN,128,128,128,0,6,0,122,0,0,0,100,100,f3a5e9149f72,750b3e3c91cc,99:44|100:84,reservoir;n=1500;seed=1
12,2496,0x0052,IN,45,45,45,0,0,45,0,0,0,0,11,20,113be63be677,d7b7fc65329f,0:17|1:4|11:7|17:10|20:7,reservoir;n=1500;seed=1
2516,2496,0x0052,IN,45,45,45,0,24,21,0,0,0,0,100,100,ce93ebd25957,e531069fb1f2,1:2|11:7|17:5|20:7|100:24,reservoir;n=1500;seed=1
12,2496,0x0053,IN,23,23,23,0,0,22,1,0,0,0,2,5,736367f68c8d,d7b7fc65329f,0:11|2:2|4:6|5:2|56:1|90:1,reservoir;n=1500;seed=1
12,2496,0x0054,IN,7,7,7,0,0,0,7,0,0,0,90,90,666cded69fcb,d7b7fc65329f,90:7,reservoir;n=1500;seed=1
12,2496,0x0055,IN,166,166,166,0,0,165,1,0,0,0,1,1,2713ac00f90c,d7b7fc65329f,1:157|10:2|19:4|21:2|33:1,reservoir;n=1500;seed=1
2521,2496,0x0055,IN,166,166,166,0,0,166,0,0,0,0,99,99,690094e6efdb,e531069fb1f2,99:166,reservoir;n=1500;seed=1
2528,2496,0x0055,IN,166,166,166,0,166,0,0,0,0,0,100,100,71c37075a022,c7184ede6835,100:166,reservoir;n=1500;seed=1
-,2496,0x0055,OUT,10,10,0,10,0,0,0,0,0,0,0,0,-,-,-,reservoir;n=1500;seed=1
12,2496,0x0056,IN,123,123,123,0,0,0,123,0,0,0,100,100,31a0a7023465,d7b7fc65329f,100:123,reservoir;n=1500;seed=1
12,2496,0x0058,IN,16260,1500,1500,0,0,1500,0,0,0,0,13,13,c857a241585e,d7b7fc65329f,2:26|3:38|4:44|5:191|7:180|13:1021,reservoir;n=1500;seed=1
2521,2496,0x0058,IN,16260,1500,1500,0,1021,479,0,0,0,0,100,100,f9a7b68e315e,e531069fb1f2,94:64|95:235|97:180|100:1021,reservoir;n=1500;seed=1
2527,2496,0x0058,IN,16260,1500,1500,0,1500,0,0,0,0,0,100,100,333d44b702e8,020efa056679,100:1500,reservoir;n=1500;seed=1
12,2496,0x005A,IN,5,5,5,0,0,5,0,0,0,0,5,5,c396e51a95fd,d7b7fc65329f,4:1|5:4,reservoir;n=1500;seed=1
2490,2496,0x005A,IN,5,5,5,0,5,0,0,0,0,0,100,100,fc221c9c7b09,69bdf4f3d597,100:5,reservoir;n=1500;seed=1
2527,2496,0x005A,IN,5,5,5,0,5,0,0,0,0,0,100,100,fc221c9c7b09,020efa056679,100:5,reservoir;n=1500;seed=1
12,2496,0x005B,IN,1,1,1,0,0,0,1,0,0,0,100,100,a56f5d6e366e,d7b7fc65329f,100:1,reservoir;n=1500;seed=1
12,2496,0x005E,IN,174,174,174,0,0,167,7,0,0,0,20,26,db0aa31082d8,d7b7fc65329f,0:28|1:6|12:1|14:22|20:74|26:41|35:2,reservoir;n=1500;seed=1
2506,2496,0x005E,IN,174,174,174,0,174,0,0,0,0,0,100,100,a0e92bb2f251,e531069fb1f2,100:174,reservoir;n=1500;seed=1
12,2496,0x0061,IN,23,23,23,0,0,0,23,0,0,0,0,100,8a4128766603,d7b7fc65329f,0:14|99:4|100:5,reservoir;n=1500;seed=1
12,2496,0x0063,IN,18,18,18,0,0,0,18,0,0,9,16,50,74cc701d0380,d7b7fc65329f,3:4|16:10|50:4,reservoir;n=1500;seed=1
2507,2496,0x0063,IN,18,18,18,0,10,8,0,0,0,0,100,100,620d6990ffa1,e531069fb1f2,0:4|4:4|100:10,reservoir;n=1500;seed=1
2518,2496,0x0063,IN,18,18,18,0,10,8,0,0,0,0,100,100,620d6990ffa1,e531069fb1f2,0:4|4:4|100:10,reservoir;n=1500;seed=1
-,2496,0x0065,OUT,6,6,0,6,0,0,0,0,0,0,0,0,-,-,-,reservoir;n=1500;seed=1
-,2496,0x0066,OUT,1,1,0,1,0,0,0,0,0,0,0,0,-,-,-,reservoir;n=1500;seed=1
12,2496,0x0068,IN,2,2,2,0,0,2,0,0,0,0,3,20,4da328c1eab1,d7b7fc65329f,3:1|20:1,reservoir;n=1500;seed=1
2486,2496,0x0068,IN,2,2,2,0,2,0,0,0,0,0,100,100,5c9dddfee4c7,e531069fb1f2,100:2,reservoir;n=1500;seed=1
12,2496,0x0069,IN,27,27,27,0,0,27,0,0,0,0,3,20,cda48f8dabb2,d7b7fc65329f,2:10|3:7|4:2|6:1|20:7,reservoir;n=1500;seed=1
2486,2496,0x0069,IN,27,27,27,0,7,20,0,0,0,0,20,100,d2ddeb60f416,e531069fb1f2,2:3|3:7|6:1|20:7|96:2|100:7,reservoir;n=1500;seed=1
2496,2496,0x0069,IN,27,27,27,0,13,14,0,0,0,0,57,100,6df54f4ee5d3,e531069fb1f2,2:2|3:1|4:2|6:1|20:7|57:1|100:13,reservoir;n=1500;seed=1
2497,2496,0x0069,IN,27,27,27,0,7,20,0,0,0,0,20,100,15bc5a2d4b37,e531069fb1f2,2:3|3:7|4:2|6:1|20:7|100:7,reservoir;n=1500;seed=1
2502,2496,0x0069,IN,27,27,27,0,9,18,0,0,0,0,20,100,e6bae1f5da23,e531069fb1f2,2:3|3:7|6:1|20:7|100:9,reservoir;n=1500;seed=1
2503,2496,0x0069,IN,27,27,27,0,1,25,1,0,0,0,3,20,c8a084423413,e531069fb1f2,2:8|3:7|4:2|6:1|20:7|38:1|100:1,reservoir;n=1500;seed=1
2504,2496,0x0069,IN,27,27,27,0,1,25,1,0,0,0,3,20,c8a084423413,e531069fb1f2,2:8|3:7|4:2|6:1|20:7|38:1|100:1,reservoir;n=1500;seed=1
2521,2496,0x0069,IN,27,27,27,0,27,0,0,0,0,0,100,100,12e76c975d0c,e531069fb1f2,100:27,reservoir;n=1500;seed=1
2546,2496,0x0069,IN,27,27,27,0,0,27,0,0,0,0,3,20,a129c00b21be,750b3e3c91cc,2:10|3:7|4:2|6:1|20:7,reservoir;n=1500;seed=1
2549,2496,0x0069,IN,27,27,27,0,27,0,0,0,0,0,100,100,12e76c975d0c,750b3e3c91cc,100:27,reservoir;n=1500;seed=1
2550,2496,0x0069,IN,27,27,27,0,27,0,0,0,0,0,100,100,12e76c975d0c,750b3e3c91cc,100:27,reservoir;n=1500;seed=1
12,2496,0x006A,IN,26,26,26,0,5,21,0,0,0,0,11,100,f83200369ec0,d7b7fc65329f,0:2|1:2|2:2|3:1|5:1|6:1|7:1|9:1|10:1|11:1|17:1|22:2|50:2|83:3|100:5,reservoir;n=1500;seed=1
2486,2496,0x006A,IN,26,26,26,0,19,7,0,0,0,0,100,100,816b31374383,e531069fb1f2,1:2|2:1|20:4|100:19,reservoir;n=1500;seed=1
2500,2496,0x006A,IN,26,26,26,0,6,20,0,0,0,0,10,100,228dd8bce951,e531069fb1f2,0:2|1:4|2:3|3:1|4:2|10:2|20:5|75:1|100:6,reservoir;n=1500;seed=1
2502,2496,0x006A,IN,26,26,26,0,11,15,0,0,0,0,20,100,05004247ef89,e531069fb1f2,0:2|1:2|2:2|3:1|10:2|20:5|75:1|100:11,reservoir;n=1500;seed=1
2503,2496,0x006A,IN,26,26,26,0,11,15,0,0,0,0,20,100,05004247ef89,e531069fb1f2,0:2|1:2|2:2|3:1|10:2|20:5|75:1|100:11,reservoir;n=1500;seed=1
12,2496,0x006B,IN,21,21,21,0,0,14,7,0,0,0,46,100,12e76c975d0c,d7b7fc65329f,9:7|18:1|46:6|100:7,reservoir;n=1500;seed=1
2507,2496,0x006B,IN,21,21,21,0,14,7,0,0,0,0,100,100,0ab4b260d932,e531069fb1f2,9:7|100:14,reservoir;n=1500;seed=1
2511,2496,0x006B,IN,21,21,21,0,0,21,0,0,0,0,8,20,f149c4d9fba9,e531069fb1f2,2:7|3:1|8:6|20:7,reservoir;n=1500;seed=1
2524,2496,0x006B,IN,21,21,21,0,14,7,0,0,0,0,100,100,fce502d5ed7d,e531069fb1f2,2:7|100:14,reservoir;n=1500;seed=1
2525,2496,0x006B,IN,21,21,21,0,0,21,0,0,0,0,8,20,36803a5bd832,e531069fb1f2,2:7|3:1|8:6|20:7,reservoir;n=1500;seed=1
2546,2496,0x006B,IN,21,21,21,0,0,21,0,0,0,0,8,20,a171d718b043,750b3e3c91cc,2:7|3:1|8:6|20:7,reservoir;n=1500;seed=1
2549,2496,0x006B,IN,21,21,21,0,0,21,0,0,0,0,8,20,a171d718b043,750b3e3c91cc,2:7|3:1|8:6|20:7,reservoir;n=1500;seed=1
2550,2496,0x006B,IN,21,21,21,0,21,0,0,0,0,0,100,100,76f7883999dd,750b3e3c91cc,100:21,reservoir;n=1500;seed=1
12,2496,0x006C,IN,28,28,28,0,0,28,0,0,0,0,20,50,c6e540d8432c,d7b7fc65329f,8:7|20:14|50:7,reservoir;n=1500;seed=1
12,2496,0x006D,IN,14,14,14,0,0,14,0,0,0,0,8,14,76f7883999dd,d7b7fc65329f,8:7|14:7,reservoir;n=1500;seed=1
2486,2496,0x006E,IN,13,13,13,0,3,9,1,0,0,0,3,100,e946bea5bb5e,e531069fb1f2,3:9|100:4,reservoir;n=1500;seed=1
12,2496,0x006F,IN,7,7,7,0,0,0,7,0,0,0,100,100,2c5ac1664138,d7b7fc65329f,100:7,reservoir;n=1500;seed=1
12,2496,0x0071,IN,2,2,2,0,0,2,0,0,0,0,6,6,2e3009231d99,d7b7fc65329f,6:2,reservoir;n=1500;seed=1
12,2496,0x0073,IN,7,7,7,0,0,0,7,0,0,0,80,80,ed9d75e5572e,d7b7fc65329f,80:7,reservoir;n=1500;seed=1
2531,2496,0x0073,IN,7,7,7,0,7,0,0,0,0,0,100,100,6426dc8d8f18,6fcac0922e9d,100:7,reservoir;n=1500;seed=1
12,2496,0x0075,IN,16,16,16,0,0,16,0,0,0,0,2,2,544ba10eb9a2,d7b7fc65329f,2:16,reservoir;n=1500;seed=1
2529,2496,0x0075,IN,16,16,16,0,16,0,0,0,0,0,100,100,6bdc66760ce5,e531069fb1f2,100:16,reservoir;n=1500;seed=1
12,2496,0x0078,IN,1,1,1,0,0,1,0,0,0,0,96,96,2c1a8c44a001,d7b7fc65329f,96:1,reservoir;n=1500;seed=1
2506,2496,0x0078,IN,1,1,1,0,0,1,0,0,0,0,11,11,987ddc836ce0,e531069fb1f2,11:1,reservoir;n=1500;seed=1
12,2496,0x0079,OUT,2,2,2,0,2,0,0,0,0,0,100,100,77dc11b27e03,d7b7fc65329f,100:2,reservoir;n=1500;seed=1
12,2496,0x007D,IN,7,7,7,0,0,4,3,0,0,0,56,100,09b60c148cf9,d7b7fc65329f,1:1|11:2|56:2|64:1|100:1,reservoir;n=1500;seed=1
2486,2496,0x007D,IN,7,7,7,0,2,0,5,0,0,0,100,100,b898703e207e,e531069fb1f2,100:7,reservoir;n=1500;seed=1
2502,2496,0x007D,IN,7,7,7,0,5,2,0,0,0,0,100,100,7ececc142c4d,e531069fb1f2,97:1|99:1|100:5,reservoir;n=1500;seed=1
2503,2496,0x007D,IN,7,7,7,0,5,2,0,0,0,0,100,100,6450ea0f3f8d,e531069fb1f2,99:2|100:5,reservoir;n=1500;seed=1
2546,2496,0x007D,IN,7,7,7,0,5,2,0,0,0,0,100,100,6450ea0f3f8d,750b3e3c91cc,99:2|100:5,reservoir;n=1500;seed=1
2549,2496,0x007D,IN,7,7,7,0,5,2,0,0,0,0,100,100,6450ea0f3f8d,750b3e3c91cc,99:2|100:5,reservoir;n=1500;seed=1
2550,2496,0x007D,IN,7,7,7,0,5,2,0,0,0,0,100,100,6450ea0f3f8d,750b3e3c91cc,99:2|100:5,reservoir;n=1500;seed=1
-,2496,0x007E,IN,352,352,0,352,0,0,0,0,0,0,0,0,-,-,-,reservoir;n=1500;seed=1
-,2496,0x0080,OUT,78,78,0,78,0,0,0,0,0,0,0,0,-,-,-,reservoir;n=1500;seed=1
12,2496,0x0082,OUT,1,1,1,0,0,0,1,0,0,0,100,100,179ff29834c5,d7b7fc65329f,100:1,reservoir;n=1500;seed=1
2527,2496,0x0089,IN,7,7,7,0,7,0,0,0,0,0,100,100,9dff2c8fb11a,020efa056679,100:7,reservoir;n=1500;seed=1
2511,2496,0x008A,IN,11,11,11,0,0,11,0,0,0,0,0,20,33aea46e46d7,e531069fb1f2,0:8|4:1|20:2,reservoir;n=1500;seed=1
2524,2496,0x008A,IN,11,11,11,0,9,0,2,0,0,0,100,100,8439debbbee7,e531069fb1f2,100:11,reservoir;n=1500;seed=1
-,2496,0x008E,OUT,7,7,0,7,0,0,0,0,0,0,0,0,-,-,-,reservoir;n=1500;seed=1
-,2496,0x0093,IN,62,62,0,62,0,0,0,0,0,0,0,0,-,-,-,reservoir;n=1500;seed=1
2520,2496,0x0095,OUT,1,1,1,0,0,1,0,0,0,0,69,69,b2b68e5a08be,e531069fb1f2,69:1,reservoir;n=1500;seed=1
-,2496,0x009E,IN,7,7,0,7,0,0,0,0,0,0,0,0,-,-,-,reservoir;n=1500;seed=1
-,2496,0x00A1,IN,3,3,0,3,0,0,0,0,0,0,0,0,-,-,-,reservoir;n=1500;seed=1
12,2496,0x00A4,OUT,1,1,1,0,0,1,0,0,0,0,11,11,99dfdaa4796a,d7b7fc65329f,11:1,reservoir;n=1500;seed=1
-,2496,0x00A5,IN,8,8,0,8,0,0,0,0,0,0,0,0,-,-,-,reservoir;n=1500;seed=1
12,2496,0x00A7,IN,7,7,7,0,0,7,0,0,0,0,6,6,536bf94f54e3,d7b7fc65329f,6:7,reservoir;n=1500;seed=1
-,2496,0x00A8,IN,49,49,0,49,0,0,0,0,0,0,0,0,-,-,-,reservoir;n=1500;seed=1
12,2496,0x00A9,IN,7,7,7,0,0,0,7,0,0,0,100,100,3d36293aadba,d7b7fc65329f,100:7,reservoir;n=1500;seed=1
-,2496,0x00AD,IN,7,7,0,7,0,0,0,0,0,0,0,0,-,-,-,reservoir;n=1500;seed=1
12,2496,0x00B0,IN,152,152,152,0,0,0,152,0,0,120,30,30,25167f67be3a,d7b7fc65329f,30:152,reservoir;n=1500;seed=1
-,2496,0x00B0,OUT,7,7,0,7,0,0,0,0,0,0,0,0,-,-,-,reservoir;n=1500;seed=1
12,2496,0x00B2,IN,7,7,7,0,0,7,0,0,0,0,2,3,665abb2e8941,d7b7fc65329f,2:4|3:3,reservoir;n=1500;seed=1
12,2496,0x00B3,IN,7,7,7,0,0,7,0,0,0,0,0,0,0b9aef83fc1d,d7b7fc65329f,0:7,reservoir;n=1500;seed=1
2502,2496,0x00B3,IN,7,7,7,0,0,7,0,0,0,0,0,0,4a52a984df88,e531069fb1f2,0:7,reservoir;n=1500;seed=1
-,2496,0x00B5,OUT,7,7,0,7,0,0,0,0,0,0,0,0,-,-,-,reservoir;n=1500;seed=1
12,2496,0x00B6,IN,21,21,21,0,0,14,7,0,0,0,24,80,7016c4d7d30d,d7b7fc65329f,0:7|24:7|80:7,reservoir;n=1500;seed=1
12,2496,0x00B7,IN,7,7,7,0,0,7,0,0,0,0,29,29,a49ff8a03f96,d7b7fc65329f,29:7,reservoir;n=1500;seed=1
12,2496,0x00B9,IN,7,7,7,0,0,0,7,0,0,0,100,100,af7dfdc796fb,d7b7fc65329f,100:7,reservoir;n=1500;seed=1
12,2496,0x00BD,IN,7,7,7,0,0,0,7,0,0,0,20,20,a740f9318bf5,d7b7fc65329f,20:7,reservoir;n=1500;seed=1
-,2496,0x00C1,IN,3,3,0,3,0,0,0,0,0,0,0,0,-,-,-,reservoir;n=1500;seed=1
-,2496,0x00C4,IN,7,7,0,7,0,0,0,0,0,0,0,0,-,-,-,reservoir;n=1500;seed=1
12,2496,0x00CA,IN,7,7,7,0,0,7,0,0,0,0,20,20,8f7bbf4e1c09,d7b7fc65329f,10:2|20:5,reservoir;n=1500;seed=1
12,2496,0x00CB,IN,7,7,7,0,0,7,0,0,0,0,6,8,8c1de6ef5e54,d7b7fc65329f,4:2|5:1|6:1|8:3,reservoir;n=1500;seed=1
12,2496,0x00CC,IN,21,21,21,0,0,18,3,0,0,1,20,50,18991db1ec98,d7b7fc65329f,1:1|3:2|4:1|5:1|6:1|8:1|20:5|40:2|50:7,reservoir;n=1500;seed=1
-,2496,0x00D1,IN,7,7,0,7,0,0,0,0,0,0,0,0,-,-,-,reservoir;n=1500;seed=1
-,2496,0x00D6,IN,1,1,0,1,0,0,0,0,0,0,0,0,-,-,-,reservoir;n=1500;seed=1
-,2496,0x00DF,IN,7,7,0,7,0,0,0,0,0,0,0,0,-,-,-,reservoir;n=1500;seed=1
-,2496,0x00E6,IN,11,11,0,11,0,0,0,0,0,0,0,0,-,-,-,reservoir;n=1500;seed=1
12,2496,0x00EB,IN,7,7,7,0,0,0,7,0,0,0,100,100,28cfa5d72ac1,d7b7fc65329f,100:7,reservoir;n=1500;seed=1
-,2496,0x00EE,IN,7,7,0,7,0,0,0,0,0,0,0,0,-,-,-,reservoir;n=1500;seed=1
12,2496,0x00F3,IN,7,7,7,0,0,7,0,0,0,0,50,50,920ada86cc84,d7b7fc65329f,50:7,reservoir;n=1500;seed=1
12,2496,0x00F4,IN,12,12,12,0,0,12,0,0,0,0,1,24,d2472cd369a3,d7b7fc65329f,1:7|24:5,reservoir;n=1500;seed=1
12,2496,0x00F6,IN,12,12,12,0,0,12,0,0,0,0,0,7,32a1dff1fed8,d7b7fc65329f,0:8|3:1|4:1|7:1|8:1,reservoir;n=1500;seed=1
2520,2496,0x00F6,IN,12,12,12,0,12,0,0,0,0,0,100,100,caaf62606961,e531069fb1f2,100:12,reservoir;n=1500;seed=1
12,2496,0x0109,IN,2,2,2,0,0,2,0,0,0,0,98,98,b47c6169ae55,d7b7fc65329f,98:2,reservoir;n=1500;seed=1
12,2496,0x010A,IN,14,14,14,0,0,14,0,0,0,0,6,20,e695255df940,d7b7fc65329f,6:7|20:7,reservoir;n=1500;seed=1
-,2496,0x0110,IN,7,7,0,7,0,0,0,0,0,0,0,0,-,-,-,reservoir;n=1500;seed=1
12,2496,0x011B,IN,7,7,7,0,0,7,0,0,0,0,20,20,84e8c9a1f3c0,d7b7fc65329f,2:2|20:5,reservoir;n=1500;seed=1
-,2496,0x011C,IN,14,14,0,14,0,0,0,0,0,0,0,0,-,-,-,reservoir;n=1500;seed=1
-,2496,0x011F,IN,1,1,0,1,0,0,0,0,0,0,0,0,-,-,-,reservoir;n=1500;seed=1
-,2496,0x0123,IN,2,2,0,2,0,0,0,0,0,0,0,0,-,-,-,reservoir;n=1500;seed=1
12,2496,0x0125,IN,7,7,7,0,0,0,7,0,0,0,100,100,b02b47f4a629,d7b7fc65329f,100:7,reservoir;n=1500;seed=1
-,2496,0x0126,IN,7,7,0,7,0,0,0,0,0,0,0,0,-,-,-,reservoir;n=1500;seed=1
12,2496,0x0128,IN,21,21,21,0,7,14,0,0,0,0,14,100,4116b15730d7,d7b7fc65329f,6:7|14:7|100:7,reservoir;n=1500;seed=1
-,2496,0x0131,IN,7,7,0,7,0,0,0,0,0,0,0,0,-,-,-,reservoir;n=1500;seed=1
-,2496,0x0137,IN,6,6,0,6,0,0,0,0,0,0,0,0,-,-,-,reservoir;n=1500;seed=1
